{"time": [0.0, 0.2, 0.4, 0.6, 0.8, 1.0, 1.2, 1.4, 1.6, 1.8, 2.0], "mean": [-0.0065112, 0.076965, 0.060161, 0.050973, 0.03768, 0.027949, 0.034981, 0.028261, 0.028708, 0.019014, 0.021887], "SEM": [0.0027889, 0.0035225, 0.0045911, 0.0051342, 0.0034731, 0.0036044, 0.0038831, 0.0019989, 0.0047651, 0.0036907, 0.0018121]}